-- phpMyAdmin SQL Dump
-- version 5.2.1
-- https://www.phpmyadmin.net/
--
-- Host: 127.0.0.1
-- Generation Time: Cze 15, 2025 at 04:57 PM
-- Wersja serwera: 10.4.32-MariaDB
-- Wersja PHP: 8.2.12

SET SQL_MODE = "NO_AUTO_VALUE_ON_ZERO";
START TRANSACTION;
SET time_zone = "+00:00";


/*!40101 SET @OLD_CHARACTER_SET_CLIENT=@@CHARACTER_SET_CLIENT */;
/*!40101 SET @OLD_CHARACTER_SET_RESULTS=@@CHARACTER_SET_RESULTS */;
/*!40101 SET @OLD_COLLATION_CONNECTION=@@COLLATION_CONNECTION */;
/*!40101 SET NAMES utf8mb4 */;

--
-- Database: `gradebook_data_base`
--

-- --------------------------------------------------------

--
-- Struktura tabeli dla tabeli `classes`
--

CREATE TABLE `classes` (
  `id` int(11) NOT NULL,
  `name` varchar(10) NOT NULL
) ENGINE=InnoDB DEFAULT CHARSET=utf8mb4 COLLATE=utf8mb4_general_ci;

--
-- Dumping data for table `classes`
--

INSERT INTO `classes` (`id`, `name`) VALUES
(1, '1TIA'),
(2, '1TIB');

-- --------------------------------------------------------

--
-- Struktura tabeli dla tabeli `deadlines`
--

CREATE TABLE `deadlines` (
  `id` int(11) NOT NULL,
  `class_id` int(11) NOT NULL,
  `type` varchar(50) NOT NULL,
  `deadline_date` date NOT NULL,
  `description` text NOT NULL,
  `subject_id` int(11) NOT NULL,
  `date_assigned` date DEFAULT curdate()
) ENGINE=InnoDB DEFAULT CHARSET=utf8mb4 COLLATE=utf8mb4_general_ci;

--
-- Dumping data for table `deadlines`
--

INSERT INTO `deadlines` (`id`, `class_id`, `type`, `deadline_date`, `description`, `subject_id`, `date_assigned`) VALUES
(1, 1, 'Sprawdzian', '2025-06-06', 'Zagadnienia podam w środę', 3, '2025-06-10'),
(2, 2, 'Sprawdzian', '2025-06-07', 'Zagadnienia podam na\nnajbliższych zajęciach', 3, '2025-06-10'),
(3, 1, 'Sprawdzian', '2025-06-13', 'Zagadanienia podam jutro', 3, '2025-06-10');

-- --------------------------------------------------------

--
-- Struktura tabeli dla tabeli `grades`
--

CREATE TABLE `grades` (
  `id` int(11) NOT NULL,
  `student_id` int(11) NOT NULL,
  `subject_id` int(11) NOT NULL,
  `grade_value` double NOT NULL,
  `date_assigned` date NOT NULL,
  `weight` int(11) NOT NULL DEFAULT 1
) ENGINE=InnoDB DEFAULT CHARSET=utf8mb4 COLLATE=utf8mb4_general_ci;

--
-- Dumping data for table `grades`
--

INSERT INTO `grades` (`id`, `student_id`, `subject_id`, `grade_value`, `date_assigned`, `weight`) VALUES
(1, 12, 3, 4, '2025-06-03', 1),
(2, 17, 4, 3.5, '2025-06-03', 2),
(3, 19, 2, 1, '2025-06-03', 2),
(4, 13, 2, 4, '2025-06-05', 3),
(5, 13, 2, 3, '2025-06-01', 2),
(6, 13, 2, 5, '2025-06-02', 1),
(7, 19, 2, 2, '2025-06-04', 3),
(8, 19, 2, 4, '2025-06-05', 2),
(9, 6, 2, 3, '2025-06-01', 2),
(10, 7, 2, 5, '2025-06-02', 1),
(11, 8, 2, 2, '2025-06-04', 3),
(12, 9, 2, 4, '2025-06-05', 2),
(13, 6, 1, 5, '2025-05-25', 1),
(14, 6, 2, 3, '2025-05-14', 1),
(15, 6, 3, 4, '2025-05-13', 1),
(16, 6, 4, 2, '2025-05-06', 1),
(17, 6, 5, 5, '2025-06-04', 1),
(18, 7, 1, 5, '2025-05-09', 1),
(19, 7, 2, 2, '2025-05-16', 1),
(20, 7, 3, 2, '2025-05-25', 1),
(21, 7, 4, 5, '2025-06-03', 1),
(22, 7, 5, 4, '2025-05-30', 1),
(23, 8, 1, 4, '2025-05-07', 1),
(24, 8, 2, 3, '2025-05-11', 1),
(25, 8, 3, 3, '2025-05-28', 1),
(26, 8, 4, 5, '2025-05-19', 1),
(27, 8, 5, 3, '2025-06-01', 1),
(28, 9, 1, 3, '2025-05-15', 1),
(29, 9, 2, 5, '2025-05-15', 1),
(30, 9, 3, 3, '2025-05-26', 1),
(31, 9, 4, 5, '2025-05-11', 1),
(32, 9, 5, 5, '2025-05-12', 1),
(33, 10, 1, 4, '2025-05-09', 1),
(34, 10, 2, 2, '2025-05-20', 1),
(35, 10, 3, 4, '2025-06-04', 1),
(36, 10, 4, 4, '2025-05-10', 1),
(37, 10, 5, 4, '2025-05-31', 1),
(38, 11, 1, 3, '2025-05-22', 1),
(39, 11, 2, 5, '2025-05-20', 1),
(40, 11, 3, 3, '2025-05-07', 1),
(41, 11, 4, 5, '2025-05-29', 1),
(42, 11, 5, 5, '2025-05-12', 1),
(43, 12, 1, 6, '2025-05-27', 1),
(44, 12, 2, 4, '2025-05-29', 1),
(45, 12, 3, 3, '2025-05-06', 1),
(46, 12, 4, 6, '2025-05-12', 1),
(47, 12, 5, 2, '2025-06-01', 1),
(48, 13, 1, 4, '2025-05-18', 1),
(49, 13, 2, 5, '2025-05-10', 1),
(50, 13, 3, 2, '2025-05-08', 1),
(51, 13, 4, 4, '2025-05-31', 1),
(52, 13, 5, 4, '2025-05-17', 1),
(53, 14, 1, 3, '2025-05-19', 1),
(54, 14, 2, 2, '2025-05-25', 1),
(55, 14, 3, 5, '2025-05-17', 1),
(56, 14, 4, 6, '2025-05-14', 1),
(57, 14, 5, 5, '2025-05-31', 1),
(58, 15, 1, 3, '2025-05-17', 1),
(59, 15, 2, 4, '2025-05-27', 1),
(60, 15, 3, 3, '2025-05-07', 1),
(61, 15, 4, 4, '2025-06-05', 1),
(62, 15, 5, 5, '2025-05-27', 1),
(63, 16, 1, 5, '2025-05-25', 1),
(64, 16, 2, 3, '2025-05-16', 1),
(65, 16, 3, 3, '2025-06-04', 1),
(66, 16, 4, 4, '2025-05-13', 1),
(67, 16, 5, 2, '2025-06-04', 1),
(68, 17, 1, 6, '2025-05-19', 1),
(69, 17, 2, 2, '2025-05-12', 1),
(70, 17, 3, 5, '2025-06-04', 1),
(71, 17, 4, 2, '2025-05-21', 1),
(72, 17, 5, 2, '2025-05-10', 1),
(73, 18, 1, 3, '2025-05-30', 1),
(74, 18, 2, 4, '2025-05-14', 1),
(75, 18, 3, 3, '2025-05-20', 1),
(76, 18, 4, 5, '2025-05-21', 1),
(77, 18, 5, 5, '2025-05-07', 1),
(78, 19, 1, 5, '2025-05-24', 1),
(79, 19, 2, 2, '2025-06-02', 1),
(80, 19, 3, 3, '2025-05-24', 1),
(81, 19, 4, 6, '2025-05-19', 1),
(82, 19, 5, 6, '2025-06-02', 1),
(83, 20, 1, 4, '2025-05-17', 1),
(84, 20, 2, 4, '2025-05-31', 1),
(85, 20, 3, 4, '2025-05-29', 1),
(86, 20, 4, 4, '2025-05-13', 1),
(87, 20, 5, 3, '2025-05-21', 1),
(88, 21, 1, 4, '2025-05-08', 1),
(89, 21, 2, 3, '2025-05-30', 1),
(90, 21, 3, 3, '2025-06-01', 1),
(91, 21, 4, 4, '2025-05-16', 1),
(92, 21, 5, 4, '2025-05-12', 1),
(93, 22, 1, 3, '2025-06-03', 1),
(94, 22, 2, 4, '2025-05-30', 1),
(95, 22, 3, 4, '2025-05-09', 1),
(96, 22, 4, 6, '2025-05-30', 1),
(97, 22, 5, 2, '2025-05-20', 1),
(98, 23, 1, 4, '2025-05-30', 1),
(99, 23, 2, 4, '2025-05-27', 1),
(100, 23, 3, 3, '2025-05-09', 1),
(101, 23, 4, 3, '2025-05-31', 1),
(102, 23, 5, 5, '2025-05-28', 1),
(103, 24, 1, 2, '2025-05-22', 1),
(104, 24, 2, 2, '2025-05-29', 1),
(105, 24, 3, 5, '2025-06-03', 1),
(106, 24, 4, 2, '2025-06-05', 1),
(107, 24, 5, 6, '2025-05-16', 1),
(108, 25, 1, 4, '2025-05-25', 1),
(109, 25, 2, 4, '2025-05-10', 1),
(110, 25, 3, 3, '2025-06-03', 1),
(111, 25, 4, 6, '2025-05-22', 1),
(112, 25, 5, 4, '2025-05-29', 1),
(140, 6, 1, 4, '2025-05-30', 1),
(141, 6, 2, 5, '2025-05-16', 1),
(142, 6, 3, 3, '2025-05-12', 1),
(143, 6, 4, 6, '2025-05-27', 1),
(144, 6, 5, 5, '2025-05-12', 1),
(145, 7, 1, 5, '2025-05-28', 1),
(146, 7, 2, 2, '2025-05-12', 1),
(147, 7, 3, 5, '2025-06-05', 1),
(148, 7, 4, 6, '2025-05-10', 1),
(149, 7, 5, 3, '2025-05-28', 1),
(150, 8, 1, 3, '2025-05-31', 1),
(151, 8, 2, 3, '2025-05-08', 1),
(152, 8, 3, 5, '2025-05-30', 1),
(153, 8, 4, 4, '2025-05-31', 1),
(154, 8, 5, 3, '2025-05-24', 1),
(155, 9, 1, 4, '2025-06-04', 1),
(156, 9, 2, 5, '2025-05-30', 1),
(157, 9, 3, 4, '2025-05-24', 1),
(158, 9, 4, 5, '2025-05-07', 1),
(159, 9, 5, 3, '2025-05-12', 1),
(160, 10, 1, 6, '2025-05-20', 1),
(161, 10, 2, 5, '2025-05-17', 1),
(162, 10, 3, 3, '2025-05-17', 1),
(163, 10, 4, 3, '2025-06-02', 1),
(164, 10, 5, 6, '2025-05-29', 1),
(165, 11, 1, 4, '2025-05-14', 1),
(166, 11, 2, 3, '2025-05-16', 1),
(167, 11, 3, 5, '2025-06-02', 1),
(168, 11, 4, 2, '2025-05-30', 1),
(169, 11, 5, 4, '2025-05-21', 1),
(170, 12, 1, 5, '2025-05-10', 1),
(171, 12, 2, 3, '2025-05-16', 1),
(172, 12, 3, 4, '2025-06-04', 1),
(173, 12, 4, 3, '2025-05-25', 1),
(174, 12, 5, 6, '2025-05-12', 1),
(175, 13, 1, 2, '2025-05-14', 1),
(176, 13, 2, 5, '2025-05-07', 1),
(177, 13, 3, 6, '2025-05-12', 1),
(178, 13, 4, 3, '2025-05-15', 1),
(179, 13, 5, 5, '2025-06-02', 1),
(180, 14, 1, 6, '2025-05-28', 1),
(181, 14, 2, 5, '2025-05-18', 1),
(182, 14, 3, 6, '2025-05-16', 1),
(183, 14, 4, 5, '2025-05-23', 1),
(184, 14, 5, 2, '2025-06-04', 1),
(185, 15, 1, 6, '2025-05-12', 1),
(186, 15, 2, 2, '2025-05-13', 1),
(187, 15, 3, 5, '2025-05-27', 1),
(188, 15, 4, 4, '2025-06-02', 1),
(189, 15, 5, 3, '2025-05-13', 1),
(190, 16, 1, 3, '2025-06-02', 1),
(191, 16, 2, 4, '2025-05-13', 1),
(192, 16, 3, 2, '2025-05-09', 1),
(193, 16, 4, 4, '2025-05-28', 1),
(194, 16, 5, 2, '2025-05-14', 1),
(195, 17, 1, 4, '2025-05-13', 1),
(196, 17, 2, 4, '2025-05-18', 1),
(197, 17, 3, 3, '2025-05-08', 1),
(198, 17, 4, 4, '2025-05-29', 1),
(199, 17, 5, 4, '2025-05-26', 1),
(200, 18, 1, 3, '2025-05-12', 1),
(201, 18, 2, 6, '2025-05-28', 1),
(202, 18, 3, 4, '2025-05-16', 1),
(203, 18, 4, 5, '2025-05-27', 1),
(204, 18, 5, 6, '2025-05-12', 1),
(205, 19, 1, 2, '2025-05-30', 1),
(206, 19, 2, 4, '2025-05-23', 1),
(207, 19, 3, 4, '2025-05-11', 1),
(208, 19, 4, 6, '2025-06-02', 1),
(209, 19, 5, 5, '2025-05-20', 1),
(210, 20, 1, 4, '2025-05-24', 1),
(211, 20, 2, 5, '2025-05-14', 1),
(212, 20, 3, 3, '2025-06-04', 1),
(213, 20, 4, 4, '2025-05-27', 1),
(214, 20, 5, 2, '2025-05-29', 1),
(215, 21, 1, 2, '2025-05-19', 1),
(216, 21, 2, 5, '2025-06-04', 1),
(217, 21, 3, 6, '2025-05-22', 1),
(218, 21, 4, 5, '2025-05-11', 1),
(219, 21, 5, 3, '2025-05-16', 1),
(220, 22, 1, 4, '2025-05-07', 1),
(221, 22, 2, 2, '2025-05-23', 1),
(222, 22, 3, 6, '2025-05-17', 1),
(223, 22, 4, 3, '2025-05-27', 1),
(224, 22, 5, 5, '2025-05-12', 1),
(225, 23, 1, 5, '2025-05-16', 1),
(226, 23, 2, 6, '2025-05-22', 1),
(227, 23, 3, 4, '2025-05-18', 1),
(228, 23, 4, 3, '2025-05-24', 1),
(229, 23, 5, 3, '2025-05-30', 1),
(230, 24, 1, 3, '2025-05-26', 1),
(231, 24, 2, 2, '2025-05-30', 1),
(232, 24, 3, 6, '2025-06-02', 1),
(233, 24, 4, 5, '2025-05-27', 1),
(234, 24, 5, 3, '2025-05-18', 1),
(235, 25, 1, 2, '2025-05-18', 1),
(236, 25, 2, 5, '2025-06-02', 1),
(237, 25, 3, 3, '2025-05-15', 1),
(238, 25, 4, 6, '2025-05-19', 1),
(239, 25, 5, 6, '2025-06-04', 1),
(267, 6, 1, 5, '2025-06-04', 1),
(268, 6, 2, 6, '2025-05-21', 1),
(269, 6, 3, 5, '2025-05-31', 1),
(270, 6, 4, 5, '2025-05-12', 1),
(271, 6, 5, 2, '2025-05-10', 1),
(272, 7, 1, 2, '2025-05-06', 1),
(273, 7, 2, 4, '2025-06-03', 1),
(274, 7, 3, 4, '2025-05-24', 1),
(275, 7, 4, 4, '2025-05-30', 1),
(276, 7, 5, 4, '2025-06-01', 1),
(277, 8, 1, 2, '2025-05-08', 1),
(278, 8, 2, 4, '2025-05-18', 1),
(279, 8, 3, 4, '2025-05-06', 1),
(280, 8, 4, 3, '2025-05-26', 1),
(281, 8, 5, 6, '2025-05-21', 1),
(282, 9, 1, 5, '2025-05-25', 1),
(283, 9, 2, 4, '2025-05-12', 1),
(284, 9, 3, 3, '2025-05-16', 1),
(285, 9, 4, 5, '2025-05-14', 1),
(286, 9, 5, 4, '2025-05-10', 1),
(287, 10, 1, 2, '2025-05-11', 1),
(288, 10, 2, 6, '2025-05-26', 1),
(289, 10, 3, 5, '2025-05-15', 1),
(290, 10, 4, 3, '2025-05-24', 1),
(291, 10, 5, 2, '2025-05-08', 1),
(292, 11, 1, 5, '2025-05-23', 1),
(293, 11, 2, 3, '2025-05-09', 1),
(294, 11, 3, 5, '2025-05-27', 1),
(295, 11, 4, 2, '2025-05-22', 1),
(296, 11, 5, 3, '2025-05-22', 1),
(297, 12, 1, 5, '2025-05-12', 1),
(298, 12, 2, 4, '2025-05-15', 1),
(299, 12, 3, 3, '2025-05-27', 1),
(300, 12, 4, 4, '2025-05-30', 1),
(301, 12, 5, 3, '2025-06-03', 1),
(302, 13, 1, 6, '2025-05-21', 1),
(303, 13, 2, 5, '2025-06-01', 1),
(304, 13, 3, 4, '2025-05-17', 1),
(305, 13, 4, 2, '2025-05-31', 1),
(306, 13, 5, 5, '2025-05-26', 1),
(307, 14, 1, 3, '2025-05-15', 1),
(308, 14, 2, 4, '2025-05-29', 1),
(309, 14, 3, 5, '2025-05-28', 1),
(310, 14, 4, 6, '2025-05-06', 1),
(311, 14, 5, 2, '2025-05-28', 1),
(312, 15, 1, 3, '2025-05-31', 1),
(313, 15, 2, 3, '2025-06-02', 1),
(314, 15, 3, 4, '2025-06-04', 1),
(315, 15, 4, 5, '2025-05-09', 1),
(316, 15, 5, 3, '2025-06-04', 1),
(317, 16, 1, 5, '2025-05-28', 1),
(318, 16, 2, 3, '2025-05-15', 1),
(319, 16, 3, 5, '2025-06-01', 1),
(320, 16, 4, 5, '2025-06-01', 1),
(321, 16, 5, 4, '2025-06-03', 1),
(322, 17, 1, 5, '2025-05-07', 1),
(323, 17, 2, 4, '2025-05-07', 1),
(324, 17, 3, 5, '2025-05-11', 1),
(325, 17, 4, 5, '2025-05-11', 1),
(326, 17, 5, 4, '2025-05-26', 1),
(327, 18, 1, 6, '2025-05-18', 1),
(328, 18, 2, 3, '2025-05-13', 1),
(329, 18, 3, 5, '2025-05-13', 1),
(330, 18, 4, 4, '2025-05-16', 1),
(331, 18, 5, 3, '2025-06-02', 1),
(332, 19, 1, 5, '2025-05-07', 1),
(333, 19, 2, 3, '2025-05-28', 1),
(334, 19, 3, 5, '2025-05-19', 1),
(335, 19, 4, 5, '2025-06-02', 1),
(336, 19, 5, 3, '2025-05-16', 1),
(337, 20, 1, 5, '2025-05-18', 1),
(338, 20, 2, 6, '2025-05-18', 1),
(339, 20, 3, 3, '2025-06-05', 1),
(340, 20, 4, 6, '2025-05-16', 1),
(341, 20, 5, 4, '2025-05-08', 1),
(342, 21, 1, 6, '2025-05-18', 1),
(343, 21, 2, 3, '2025-05-09', 1),
(344, 21, 3, 4, '2025-05-20', 1),
(345, 21, 4, 4, '2025-05-27', 1),
(346, 21, 5, 3, '2025-05-14', 1),
(347, 22, 1, 5, '2025-05-21', 1),
(348, 22, 2, 3, '2025-05-19', 1),
(349, 22, 3, 3, '2025-05-26', 1),
(350, 22, 4, 2, '2025-06-01', 1),
(351, 22, 5, 4, '2025-05-17', 1),
(352, 23, 1, 3, '2025-05-17', 1),
(353, 23, 2, 3, '2025-05-30', 1),
(354, 23, 3, 3, '2025-05-07', 1),
(355, 23, 4, 6, '2025-05-12', 1),
(356, 23, 5, 3, '2025-05-22', 1),
(357, 24, 1, 5, '2025-05-12', 1),
(358, 24, 2, 4, '2025-06-03', 1),
(359, 24, 3, 5, '2025-05-09', 1),
(360, 24, 4, 2, '2025-05-19', 1),
(361, 24, 5, 5, '2025-05-22', 1),
(362, 25, 1, 4, '2025-05-09', 1),
(363, 25, 2, 2, '2025-05-11', 1),
(364, 25, 3, 5, '2025-05-21', 1),
(365, 25, 4, 2, '2025-06-02', 1),
(366, 25, 5, 3, '2025-05-22', 1),
(394, 6, 1, 3, '2025-05-12', 1),
(395, 6, 2, 3, '2025-06-04', 1),
(396, 6, 3, 3, '2025-05-19', 1),
(397, 6, 4, 5, '2025-05-19', 1),
(398, 6, 5, 3, '2025-05-14', 1),
(399, 7, 1, 5, '2025-05-21', 1),
(400, 7, 2, 3, '2025-06-03', 1),
(401, 7, 3, 4, '2025-05-11', 1),
(402, 7, 4, 6, '2025-06-01', 1),
(403, 7, 5, 6, '2025-05-06', 1),
(404, 8, 1, 3, '2025-05-17', 1),
(405, 8, 2, 3, '2025-06-04', 1),
(406, 8, 3, 5, '2025-05-30', 1),
(407, 8, 4, 6, '2025-05-28', 1),
(408, 8, 5, 3, '2025-06-02', 1),
(409, 9, 1, 3, '2025-05-23', 1),
(410, 9, 2, 2, '2025-05-30', 1),
(411, 9, 3, 5, '2025-06-04', 1),
(412, 9, 4, 6, '2025-05-15', 1),
(413, 9, 5, 5, '2025-06-01', 1),
(414, 10, 1, 5, '2025-05-08', 1),
(415, 10, 2, 5, '2025-05-13', 1),
(416, 10, 3, 4, '2025-05-11', 1),
(417, 10, 4, 3, '2025-06-01', 1),
(418, 10, 5, 5, '2025-05-29', 1),
(419, 11, 1, 6, '2025-05-07', 1),
(420, 11, 2, 2, '2025-05-30', 1),
(421, 11, 3, 2, '2025-05-23', 1),
(422, 11, 4, 3, '2025-05-25', 1),
(423, 11, 5, 4, '2025-05-08', 1),
(424, 12, 1, 4, '2025-05-27', 1),
(425, 12, 2, 3, '2025-05-22', 1),
(426, 12, 3, 4, '2025-06-01', 1),
(427, 12, 4, 2, '2025-06-01', 1),
(428, 12, 5, 3, '2025-05-28', 1),
(429, 13, 1, 3, '2025-05-15', 1),
(430, 13, 2, 5, '2025-05-30', 1),
(431, 13, 3, 2, '2025-05-21', 1),
(432, 13, 4, 4, '2025-05-17', 1),
(433, 13, 5, 6, '2025-05-15', 1),
(434, 14, 1, 5, '2025-05-17', 1),
(435, 14, 2, 6, '2025-05-19', 1),
(436, 14, 3, 2, '2025-05-09', 1),
(437, 14, 4, 3, '2025-05-07', 1),
(438, 14, 5, 4, '2025-05-17', 1),
(439, 15, 1, 4, '2025-05-06', 1),
(440, 15, 2, 3, '2025-05-24', 1),
(441, 15, 3, 2, '2025-05-25', 1),
(442, 15, 4, 4, '2025-05-17', 1),
(443, 15, 5, 4, '2025-05-10', 1),
(444, 16, 1, 5, '2025-05-15', 1),
(445, 16, 2, 4, '2025-05-24', 1),
(446, 16, 3, 4, '2025-05-29', 1),
(447, 16, 4, 5, '2025-05-30', 1),
(448, 16, 5, 4, '2025-05-28', 1),
(449, 17, 1, 4, '2025-05-31', 1),
(450, 17, 2, 3, '2025-06-01', 1),
(451, 17, 3, 3, '2025-06-01', 1),
(452, 17, 4, 5, '2025-05-25', 1),
(453, 17, 5, 4, '2025-05-08', 1),
(454, 18, 1, 5, '2025-05-24', 1),
(455, 18, 2, 4, '2025-06-01', 1),
(456, 18, 3, 3, '2025-05-11', 1),
(457, 18, 4, 4, '2025-05-09', 1),
(458, 18, 5, 2, '2025-05-18', 1),
(459, 19, 1, 5, '2025-05-24', 1),
(460, 19, 2, 4, '2025-05-30', 1),
(461, 19, 3, 4, '2025-06-04', 1),
(462, 19, 4, 4, '2025-05-15', 1),
(463, 19, 5, 5, '2025-05-29', 1),
(464, 20, 1, 4, '2025-05-30', 1),
(465, 20, 2, 3, '2025-05-14', 1),
(466, 20, 3, 5, '2025-05-12', 1),
(467, 20, 4, 5, '2025-05-12', 1),
(468, 20, 5, 2, '2025-05-07', 1),
(469, 21, 1, 4, '2025-06-03', 1),
(470, 21, 2, 4, '2025-05-12', 1),
(471, 21, 3, 3, '2025-05-16', 1),
(472, 21, 4, 5, '2025-05-30', 1),
(473, 21, 5, 2, '2025-05-11', 1),
(474, 22, 1, 5, '2025-05-09', 1),
(475, 22, 2, 5, '2025-05-24', 1),
(476, 22, 3, 5, '2025-05-08', 1),
(477, 22, 4, 5, '2025-05-11', 1),
(478, 22, 5, 2, '2025-05-20', 1),
(479, 23, 1, 4, '2025-05-27', 1),
(480, 23, 2, 5, '2025-05-26', 1),
(481, 23, 3, 2, '2025-05-18', 1),
(482, 23, 4, 4, '2025-05-30', 1),
(483, 23, 5, 3, '2025-05-21', 1),
(484, 24, 1, 5, '2025-05-17', 1),
(485, 24, 2, 5, '2025-05-13', 1),
(486, 24, 3, 4, '2025-05-12', 1),
(487, 24, 4, 2, '2025-06-02', 1),
(488, 24, 5, 3, '2025-05-08', 1),
(489, 25, 1, 6, '2025-05-17', 1),
(490, 25, 2, 4, '2025-05-14', 1),
(491, 25, 3, 2, '2025-05-06', 1),
(492, 25, 4, 5, '2025-05-26', 1),
(493, 25, 5, 2, '2025-05-28', 1),
(521, 17, 4, 2, '2025-06-05', 2),
(522, 6, 2, 4.5, '2025-06-05', 3),
(523, 14, 4, 3, '2025-06-10', 2),
(524, 14, 4, 3, '2025-06-10', 1),
(525, 14, 5, 6, '2025-06-10', 3),
(526, 24, 4, 2, '2025-06-10', 2),
(527, 15, 3, 2, '2025-06-10', 1),
(528, 24, 3, 3, '2025-06-10', 1),
(529, 24, 1, 2, '2025-06-10', 2),
(530, 24, 5, 2, '2025-06-10', 2),
(531, 12, 3, 2, '2025-06-10', 2),
(532, 14, 3, 3.5, '2025-06-10', 2),
(533, 15, 5, 2, '2025-06-10', 2),
(534, 15, 3, 2, '2025-06-10', 2),
(535, 9, 3, 2, '2025-06-10', 2),
(536, 24, 1, 1, '2025-06-10', 2),
(537, 23, 3, 2, '2025-06-10', 2),
(538, 17, 4, 2, '2025-06-10', 2),
(539, 23, 3, 2, '2025-06-11', 2),
(540, 24, 3, 2, '2025-06-11', 2),
(541, 23, 3, 2, '2025-06-11', 2),
(542, 13, 2, 2, '2025-06-11', 2);

-- --------------------------------------------------------

--
-- Struktura tabeli dla tabeli `negative_notes`
--

CREATE TABLE `negative_notes` (
  `id` int(11) NOT NULL,
  `student_id` int(11) NOT NULL,
  `class_id` int(11) NOT NULL,
  `points` int(11) NOT NULL,
  `note_text` text NOT NULL,
  `data_assigned` date DEFAULT curdate()
) ENGINE=InnoDB DEFAULT CHARSET=utf8mb4 COLLATE=utf8mb4_general_ci;

--
-- Dumping data for table `negative_notes`
--

INSERT INTO `negative_notes` (`id`, `student_id`, `class_id`, `points`, `note_text`, `data_assigned`) VALUES
(1, 9, 1, 20, 'Złe zachowanie', '2025-06-10'),
(2, 12, 1, -20, 'złe zachowanie', '2025-06-10'),
(3, 14, 1, -20, 'Złe zachowanie na zajęciach języka angielskiego', '2025-06-10'),
(5, 14, 1, -10, 'Uczeń wielokrotnie przeszkadzał na lekcji', '2025-06-10'),
(6, 14, 1, -5, 'Uczeń spóźnił się na lekcję i nie poinformował nauczyciela.', '2025-06-10');

-- --------------------------------------------------------

--
-- Struktura tabeli dla tabeli `notes`
--

CREATE TABLE `notes` (
  `id` int(11) NOT NULL,
  `user_id` int(11) NOT NULL,
  `title` varchar(100) DEFAULT NULL,
  `content` text DEFAULT NULL,
  `created_at` date DEFAULT NULL
) ENGINE=InnoDB DEFAULT CHARSET=utf8mb4 COLLATE=utf8mb4_general_ci;

--
-- Dumping data for table `notes`
--

INSERT INTO `notes` (`id`, `user_id`, `title`, `content`, `created_at`) VALUES
(3, 2, 'Oceny 1TIA', 'Wpisz oceny dla 1TIA\n', '2025-06-03'),
(5, 2, 'Sprawdzian Termin', 'Podaj termin sprawdzianu dla 1TIB', '2025-06-03'),
(19, 14, 'Test - Projekt YLO GradeBook', 'Testy zakończono z wynikiem pozytywnym', '2025-06-13'),
(20, 2, 'Test', 'Test zakończono wynikiem pozytywnym', '2025-06-13');

-- --------------------------------------------------------

--
-- Struktura tabeli dla tabeli `subjects`
--

CREATE TABLE `subjects` (
  `id` int(11) NOT NULL,
  `name` varchar(50) NOT NULL,
  `teacher_id` int(11) NOT NULL
) ENGINE=InnoDB DEFAULT CHARSET=utf8mb4 COLLATE=utf8mb4_general_ci;

--
-- Dumping data for table `subjects`
--

INSERT INTO `subjects` (`id`, `name`, `teacher_id`) VALUES
(1, 'Matematyka', 1),
(2, 'Fizyka', 2),
(3, 'Informatyka', 3),
(4, 'Język angielski', 4),
(5, 'Język polski', 5);

-- --------------------------------------------------------

--
-- Struktura tabeli dla tabeli `users`
--

CREATE TABLE `users` (
  `id` int(11) NOT NULL,
  `username` varchar(50) NOT NULL,
  `password` varchar(255) NOT NULL,
  `first_name` varchar(50) NOT NULL,
  `last_name` varchar(50) NOT NULL,
  `role` enum('STUDENT','TEACHER') NOT NULL,
  `class_id` int(11) DEFAULT NULL
) ENGINE=InnoDB DEFAULT CHARSET=utf8mb4 COLLATE=utf8mb4_general_ci;

--
-- Dumping data for table `users`
--

INSERT INTO `users` (`id`, `username`, `password`, `first_name`, `last_name`, `role`, `class_id`) VALUES
(1, 'anna.kowalska', 'AnnaKowalska123', 'Anna', 'Kowalska', 'TEACHER', NULL),
(2, 'jan.nowak', 'jan', 'Jan', 'Nowak', 'TEACHER', NULL),
(3, 'ewa.wisniewska', 'EwaWisniewska123', 'Ewa', 'Wiśniewska', 'TEACHER', NULL),
(4, 'piotr.wojcik', 'piotr', 'Piotr', 'Wójcik', 'TEACHER', NULL),
(5, 'katarzyna.lewandowska', 'KatarzynaLewandowska123', 'Katarzyna', 'Lewandowska', 'TEACHER', NULL),
(6, 'adam.nowak', 'AdamNowak123', 'Adam', 'Nowak', 'STUDENT', 1),
(7, 'barbara.kowalczyk', 'BarbaraKowalczyk123', 'Barbara', 'Kowalczyk', 'STUDENT', 1),
(8, 'cezary.wlodarczyk', 'CezaryWlodarczyk123', 'Cezary', 'Włodarczyk', 'STUDENT', 1),
(9, 'dorota.kaczmarek', 'DorotaKaczmarek123', 'Dorota', 'Kaczmarek', 'STUDENT', 1),
(10, 'eryk.sikora', 'ErykSikora123', 'Eryk', 'Sikora', 'STUDENT', 1),
(11, 'felicja.zajac', 'FelicjaZajac123', 'Felicja', 'Zając', 'STUDENT', 1),
(12, 'grzegorz.duda', 'GrzegorzDuda123', 'Grzegorz', 'Duda', 'STUDENT', 1),
(13, 'hanna.baran', 'HannaBaran123', 'Hanna', 'Baran', 'STUDENT', 1),
(14, 'igor.lis', 'igor', 'Igor', 'Lis', 'STUDENT', 1),
(15, 'justyna.czajka', 'JustynaCzajka123', 'Justyna', 'Czajka', 'STUDENT', 1),
(16, 'kamil.zielinski', 'KamilZielinski123', 'Kamil', 'Zieliński', 'STUDENT', 2),
(17, 'lidia.kowal', 'LidiaKowal123', 'Lidia', 'Kowal', 'STUDENT', 2),
(18, 'maciej.sadowski', 'MaciejSadowski123', 'Maciej', 'Sadowski', 'STUDENT', 2),
(19, 'natalia.krol', 'NataliaKrol123', 'Natalia', 'Król', 'STUDENT', 2),
(20, 'oskar.wilk', 'OskarWilk123', 'Oskar', 'Wilk', 'STUDENT', 2),
(21, 'patrycja.wrona', 'PatrycjaWrona123', 'Patrycja', 'Wrona', 'STUDENT', 2),
(22, 'robert.kubiak', 'RobertKubiak123', 'Robert', 'Kubiak', 'STUDENT', 2),
(23, 'sylwia.bartek', 'SylwiaBartek123', 'Sylwia', 'Bartek', 'STUDENT', 2),
(24, 'tomasz.jankowski', 'TomaszJankowski123', 'Tomasz', 'Jankowski', 'STUDENT', 2),
(25, 'urszula.marek', 'UrszulaMarek123', 'Urszula', 'Marek', 'STUDENT', 2);

--
-- Indeksy dla zrzutów tabel
--

--
-- Indeksy dla tabeli `classes`
--
ALTER TABLE `classes`
  ADD PRIMARY KEY (`id`),
  ADD UNIQUE KEY `name` (`name`);

--
-- Indeksy dla tabeli `deadlines`
--
ALTER TABLE `deadlines`
  ADD PRIMARY KEY (`id`),
  ADD KEY `class_id` (`class_id`),
  ADD KEY `fk_subject` (`subject_id`);

--
-- Indeksy dla tabeli `grades`
--
ALTER TABLE `grades`
  ADD PRIMARY KEY (`id`),
  ADD KEY `student_id` (`student_id`),
  ADD KEY `subject_id` (`subject_id`);

--
-- Indeksy dla tabeli `negative_notes`
--
ALTER TABLE `negative_notes`
  ADD PRIMARY KEY (`id`),
  ADD KEY `student_id` (`student_id`),
  ADD KEY `class_id` (`class_id`);

--
-- Indeksy dla tabeli `notes`
--
ALTER TABLE `notes`
  ADD PRIMARY KEY (`id`),
  ADD KEY `user_id` (`user_id`);

--
-- Indeksy dla tabeli `subjects`
--
ALTER TABLE `subjects`
  ADD PRIMARY KEY (`id`),
  ADD UNIQUE KEY `name` (`name`),
  ADD UNIQUE KEY `teacher_id` (`teacher_id`);

--
-- Indeksy dla tabeli `users`
--
ALTER TABLE `users`
  ADD PRIMARY KEY (`id`),
  ADD UNIQUE KEY `username` (`username`),
  ADD KEY `class_id` (`class_id`);

--
-- AUTO_INCREMENT for dumped tables
--

--
-- AUTO_INCREMENT for table `classes`
--
ALTER TABLE `classes`
  MODIFY `id` int(11) NOT NULL AUTO_INCREMENT, AUTO_INCREMENT=3;

--
-- AUTO_INCREMENT for table `deadlines`
--
ALTER TABLE `deadlines`
  MODIFY `id` int(11) NOT NULL AUTO_INCREMENT, AUTO_INCREMENT=4;

--
-- AUTO_INCREMENT for table `grades`
--
ALTER TABLE `grades`
  MODIFY `id` int(11) NOT NULL AUTO_INCREMENT, AUTO_INCREMENT=543;

--
-- AUTO_INCREMENT for table `negative_notes`
--
ALTER TABLE `negative_notes`
  MODIFY `id` int(11) NOT NULL AUTO_INCREMENT, AUTO_INCREMENT=7;

--
-- AUTO_INCREMENT for table `notes`
--
ALTER TABLE `notes`
  MODIFY `id` int(11) NOT NULL AUTO_INCREMENT, AUTO_INCREMENT=21;

--
-- AUTO_INCREMENT for table `subjects`
--
ALTER TABLE `subjects`
  MODIFY `id` int(11) NOT NULL AUTO_INCREMENT, AUTO_INCREMENT=6;

--
-- AUTO_INCREMENT for table `users`
--
ALTER TABLE `users`
  MODIFY `id` int(11) NOT NULL AUTO_INCREMENT, AUTO_INCREMENT=26;

--
-- Constraints for dumped tables
--

--
-- Constraints for table `deadlines`
--
ALTER TABLE `deadlines`
  ADD CONSTRAINT `deadlines_ibfk_1` FOREIGN KEY (`class_id`) REFERENCES `classes` (`id`),
  ADD CONSTRAINT `fk_subject` FOREIGN KEY (`subject_id`) REFERENCES `subjects` (`id`);

--
-- Constraints for table `grades`
--
ALTER TABLE `grades`
  ADD CONSTRAINT `grades_ibfk_1` FOREIGN KEY (`student_id`) REFERENCES `users` (`id`),
  ADD CONSTRAINT `grades_ibfk_2` FOREIGN KEY (`subject_id`) REFERENCES `subjects` (`id`);

--
-- Constraints for table `negative_notes`
--
ALTER TABLE `negative_notes`
  ADD CONSTRAINT `negative_notes_ibfk_1` FOREIGN KEY (`student_id`) REFERENCES `users` (`id`),
  ADD CONSTRAINT `negative_notes_ibfk_2` FOREIGN KEY (`class_id`) REFERENCES `classes` (`id`);

--
-- Constraints for table `notes`
--
ALTER TABLE `notes`
  ADD CONSTRAINT `notes_ibfk_1` FOREIGN KEY (`user_id`) REFERENCES `users` (`id`) ON DELETE CASCADE;

--
-- Constraints for table `subjects`
--
ALTER TABLE `subjects`
  ADD CONSTRAINT `subjects_ibfk_1` FOREIGN KEY (`teacher_id`) REFERENCES `users` (`id`);

--
-- Constraints for table `users`
--
ALTER TABLE `users`
  ADD CONSTRAINT `users_ibfk_1` FOREIGN KEY (`class_id`) REFERENCES `classes` (`id`);
COMMIT;

/*!40101 SET CHARACTER_SET_CLIENT=@OLD_CHARACTER_SET_CLIENT */;
/*!40101 SET CHARACTER_SET_RESULTS=@OLD_CHARACTER_SET_RESULTS */;
/*!40101 SET COLLATION_CONNECTION=@OLD_COLLATION_CONNECTION */;
